Rk,Player,Tm,FantPos,PPR,-9999
1,Jonathan Taylor*,IND,RB,362.3,TaylJo02
2,Christian McCaffrey*+,SFO,RB,416.6,McCaCh01
3,Bijan Robinson*+,ATL,RB,370.8,RobiBi01
4,Jahmyr Gibbs*,DET,RB,366.9,GibbJa01
5,Puka Nacua*+,LAR,WR,375.0,NacuPu00
6,Jaxon Smith-Njigba*+,SEA,WR,359.9,SmitJa06
7,James Cook*,BUF,RB,302.2,CookJa01
8,Derrick Henry,BAL,RB,279.5,HenrDe00
9,De'Von Achane*,MIA,RB,322.8,AchaDe00
10,Josh Allen*,BUF,QB,364.6,AlleJo02
11,Amon-Ra St. Brown*,DET,WR,324.0,StxxAm00
12,Trey McBride*+,ARI,TE,315.9,McBrTr01
13,George Pickens*,DAL,WR,291.9,PickGe00
14,Drake Maye*,NWE,QB,352.0,MayeDr00
15,Matthew Stafford*+,LAR,QB,350.4,StafMa00
16,Kyren Williams,LAR,RB,263.3,WillKy02
17,Ja'Marr Chase*+,CIN,WR,313.6,ChasJa00
18,Travis Etienne,JAX,RB,253.9,EtieTr00
19,Trevor Lawrence,JAX,QB,338.2,LawrTr00
20,Chase Brown,CIN,RB,282.6,BrowCh10
21,Javonte Williams,DAL,RB,242.8,WillJa10
22,Josh Jacobs,GNB,RB,237.1,JacoJo01
23,Chris Olave,NOR,WR,268.0,OlavCh00
24,D'Andre Swift,CHI,RB,228.6,SwifDA00
25,Saquon Barkley,PHI,RB,232.3,BarkSa00
26,Davante Adams,LAR,WR,222.9,AdamDa01
27,Caleb Williams,CHI,QB,318.7,WillCa03
28,Dak Prescott*,DAL,QB,313.8,PresDa01
29,Ashton Jeanty,LVR,RB,245.1,JeanAs00
30,Zay Flowers*,BAL,WR,243.3,FlowZa00
31,Nico Collins*,HOU,WR,226.2,CollNi00
32,Jameson Williams,DET,WR,219.9,WillJa11
33,Tee Higgins,CIN,WR,211.6,HiggTe00
34,Bo Nix,DEN,QB,304.8,NixxBo00
35,Rico Dowdle,CAR,RB,216.3,DowdRi01
36,Jaylen Warren,PIT,RB,217.1,WarrJa01
37,Courtland Sutton*,DEN,WR,219.7,SuttCo00
38,Jalen Hurts,PHI,QB,299.1,HurtJa00
39,Jared Goff,DET,QB,297.1,GoffJa00
40,Michael Wilson,ARI,WR,220.6,WilsMi02
41,A.J. Brown,PHI,WR,220.3,BrowAJ00
42,Breece Hall,NYJ,RB,207.7,HallBr03
43,TreVeyon Henderson,NWE,RB,206.2,HendTr02
44,Tetairoa McMillan,CAR,WR,211.4,McMiTe00
45,Dallas Goedert,PHI,TE,185.1,GoedDa00
46,Kyle Pitts,ATL,TE,210.8,PittKy00
47,Alec Pierce,IND,WR,183.3,PierAl00
48,Drake London,ATL,WR,201.9,LondDr00
49,Hunter Henry,NWE,TE,178.8,HenrHu00
50,Justin Herbert*,LAC,QB,286.9,HerbJu00
51,Emeka Egbuka,TAM,WR,195.7,EgbuEm01
52,Travis Kelce*,KAN,TE,193.2,KelcTr00
53,Patrick Mahomes,KAN,QB,285.7,MahoPa00
54,Zach Charbonnet,SEA,RB,181.4,CharZa00
55,Kenneth Walker III,SEA,RB,191.9,WalkKe00
56,Jaylen Waddle,MIA,WR,194.1,WaddJa00
57,RJ Harvey,DEN,RB,206.6,HarvRJ00
58,Harold Fannin,CLE,TE,186.4,FannHa00
59,D.K. Metcalf,PIT,WR,187.2,MetcDK00
60,Parker Washington,JAX,WR,184.7,WashPa01
61,Tyler Warren,IND,TE,188.5,WarrTy00
62,Brock Bowers*,LVR,TE,176.2,BoweBr01
63,CeeDee Lamb,DAL,WR,200.9,LambCe00
64,Wan'Dale Robinson,NYG,WR,217.9,RobiWa01
65,Stefon Diggs,NWE,WR,210.3,DiggSt00
66,DeVonta Smith,PHI,WR,201.8,SmitDe07
67,Michael Pittman Jr.,IND,WR,202.4,PittMi01
68,Tony Pollard,TEN,RB,185.8,PollTo00
69,Colston Loveland,CHI,TE,165.1,LoveCo00
70,Quentin Johnston,LAC,WR,171.2,JohnQu02
71,D.J. Moore,CHI,WR,170.2,MoorD.00
72,Jake Ferguson,DAL,TE,188.1,FergJa00
73,George Kittle*,SFO,TE,161.5,KittGe00
74,Jauan Jennings,SFO,WR,173.3,JennJa00
75,Baker Mayfield,TAM,QB,271.9,MayfBa00
76,Jaxson Dart,NYG,QB,241.6,DartJa00
77,Jordan Love,GNB,QB,235.1,LoveJo03
78,Sam Darnold*,SEA,QB,235.4,DarnSa00
79,Jacoby Brissett,ARI,QB,227.4,BrisJa00
80,Daniel Jones,IND,QB,226.4,JoneDa05
81,Aaron Rodgers,PIT,QB,227.1,RodgAa00
82,Bryce Young,CAR,QB,218.0,YounBr01
83,Lamar Jackson,BAL,QB,214.9,JackLa00
84,C.J. Stroud,HOU,QB,208.5,StroCJ00
85,Cam Ward,TEN,QB,186.7,WardCa00
86,Brock Purdy,SFO,QB,177.4,PurdBr00
87,Geno Smith,LVR,QB,173.9,SmitGe00
88,Tua Tagovailoa,MIA,QB,160.7,TagoTu00
89,Tyler Shough,NOR,QB,158.0,ShouTy00
90,Kenneth Gainwell,PIT,RB,221.3,GainKe00
91,Joe Flacco,2TM,QB,146.7,FlacJo00
92,Rhamondre Stevenson,NWE,RB,178.8,StevRh00
93,Quinshon Judkins,CLE,RB,169.8,JudkQu00
94,Justin Fields,NYJ,QB,142.7,FielJu00
95,David Montgomery,DET,RB,166.9,MontDa01
96,Joe Burrow,CIN,QB,134.5,BurrJo01
97,Jacory Croskey-Merritt,WAS,RB,140.3,CrosJa00
98,Mac Jones,SFO,QB,130.0,JoneMa05
99,Kyle Monangai,CHI,RB,146.7,MonaKy00
100,Kareem Hunt,KAN,RB,145.4,HuntKa00
101,Woody Marks,HOU,RB,151.1,MarkWo00
102,Marcus Mariota,WAS,QB,125.5,MariMa01
103,J.J. McCarthy,MIN,QB,125.4,McCaJJ00
104,Tyrone Tracy Jr.,NYG,RB,160.8,TracTy00
105,Michael Penix,ATL,QB,120.3,PeniMi00
106,Justin Jefferson,MIN,WR,201.5,JeffJu00
107,Deebo Samuel,WAS,WR,188.2,SamuDe00
108,Jordan Mason,MIN,RB,128.9,MasoJo00
109,Ladd McConkey,LAC,WR,180.9,McCoLa00
110,Blake Corum,LAR,RB,122.2,CoruBl00
111,Jayden Daniels,WAS,QB,114.3,DaniJa02
112,Troy Franklin,DEN,WR,177.1,FranTr00
113,Romeo Doubs,GNB,WR,165.4,DoubRo00
114,Tyler Allgeier,ATL,RB,123.0,AllgTy00
115,Bucky Irving,TAM,RB,138.5,IrviBu00
116,J.K. Dobbins,DEN,RB,115.9,DobbJK00
117,Tre Tucker,LVR,WR,161.7,TuckTr00
118,Kirk Cousins,ATL,QB,103.5,CousKi00
119,Omarion Hampton,LAC,RB,135.7,HampOm00
120,Cam Skattebo,NYG,RB,127.7,SkatCa00
121,Juwan Johnson,NOR,TE,179.9,JohnJu02
122,Rachaad White,TAM,RB,143.0,WhitRa01
123,Keenan Allen,LAC,WR,182.7,AlleKe00
124,Rome Odunze,CHI,WR,146.1,OdunRo00
125,Kimani Vidal,LAC,RB,117.9,VidaKi00
126,Jakobi Meyers,2TM,WR,175.8,MeyeJa01
127,Spencer Rattler,NOR,QB,99.1,RattSp00
128,Rashid Shaheed*,2TM,WR,156.6,ShahRa00
129,Rashee Rice,KAN,WR,150.1,RiceRa01
130,Christian Watson,GNB,WR,132.4,WatsCh00
131,Dalton Schultz,HOU,TE,177.7,SchuDa00
132,AJ Barner,SEA,TE,147.3,BarnAJ00
133,Chuba Hubbard,CAR,RB,125.4,HubbCh01
134,Khalil Shakir,BUF,WR,166.4,ShakKh00
135,Jordan Addison,MIN,WR,135.1,AddiJo00
136,Kayshon Boutte,NWE,WR,124.1,BoutKa00
137,Aaron Jones,MIN,RB,118.7,JoneAa00
138,Devin Singletary,NYG,RB,108.8,SingDe00
139,Brian Thomas,JAX,WR,138.8,ThomBr06
140,Marquise Brown,KAN,WR,137.7,BrowMa04
141,Jayden Higgins,HOU,WR,129.5,HiggJa00
142,Chris Rodriguez,WAS,RB,92.0,RodrCh00
143,Marvin Harrison Jr.,ARI,WR,127.8,HarrMa09
144,Dalton Kincaid,BUF,TE,126.1,KincDa00
145,Colby Parkinson,LAR,TE,129.8,ParkCo02
146,Tucker Kraft,GNB,TE,117.2,KrafTu00
147,Shedeur Sanders,CLE,QB,84.9,SandSh00
148,Mark Andrews,BAL,TE,131.0,AndrMa00
149,Theo Johnson,NYG,TE,127.8,JohnTh00
150,Sean Tucker,TAM,RB,91.4,TuckSe00
151,Oronde Gadsden II,LAC,TE,131.4,GadsOr01
152,Luther Burden,CHI,WR,127.9,BurdLu00
153,Emanuel Wilson,GNB,RB,94.5,WilsEm00
154,Bhayshul Tuten,JAX,RB,88.6,TuteBh00
155,Chimere Dike*+,TEN,WR,126.1,DikeCh00
156,Josh Downs,IND,WR,136.4,DownJo00
157,Kyler Murray,ARI,QB,77.8,MurrKy00
158,Elic Ayomanor,TEN,WR,116.5,AyomEl00
159,Zach Ertz,WAS,TE,126.4,ErtzZa00
160,Ty Johnson,BUF,RB,100.3,JohnTy02
161,Terry McLaurin,WAS,WR,114.2,McLaTe00
162,Nick Chubb,HOU,RB,88.3,ChubNi00
163,Ryan Flournoy,DAL,WR,114.0,FlouRy00
164,Pat Freiermuth,PIT,TE,113.6,FreiPa00
165,Jalen Nailor,MIN,WR,100.7,NailJa00
166,Brenton Strange,JAX,TE,118.0,StraBr00
167,Jerry Jeudy,CLE,WR,120.7,JeudJe00
168,Zonovan Knight,ARI,RB,92.9,KnigZo00
169,Malik Washington,MIA,WR,116.7,WashMa00
170,Dillon Gabriel,CLE,QB,70.1,GabrDi00
171,Carson Wentz,MIN,QB,70.3,WentCa00
172,Cooper Kupp,SEA,WR,116.3,KuppCo00
173,Davis Mills,HOU,QB,68.6,MillDa02
174,Alvin Kamara,NOR,RB,100.7,KamaAl00
175,Dawson Knox,BUF,TE,103.7,KnoxDa00
176,Chigoziem Okonkwo,TEN,TE,124.0,OkonCh00
177,Isiah Pacheco,KAN,RB,87.3,PachIs00
178,Xavier Worthy,KAN,WR,109.9,WortXa00
179,Mack Hollins,NWE,WR,113.4,HollMa00
180,Sam LaPorta,DET,TE,106.9,LaPoSa01
181,Tyjae Spears,TEN,RB,111.7,SpeaTy00
182,Michael Carter,ARI,RB,99.0,CartMi03
183,DeMario Douglas,NWE,WR,95.8,DougDe00
184,Darren Waller,MIA,TE,88.7,WallDa01
185,Keon Coleman,BUF,WR,102.4,ColeKe02
186,Tez Johnson,TAM,WR,92.4,JohnTe03
187,Garrett Wilson,NYJ,WR,99.5,WilsGa00
188,Xavier Hutchinson,HOU,WR,98.0,HutcXa00
189,Cade Otton,TAM,TE,122.2,OttoCa00
190,T.J. Hockenson,MIN,TE,112.8,HockTJ00
191,Darius Slayton,NYG,WR,98.8,SlayDa01
192,Tyquan Thornton,KAN,WR,80.8,ThorTy00
193,Samaje Perine,CIN,RB,77.9,PeriSa00
194,Isaac TeSlaa,DET,WR,75.9,TeSlIs00
195,Tyrod Taylor,NYJ,QB,59.5,TaylTy00
196,Jake Tonges,SFO,TE,93.3,TongJa00
197,KaVontae Turpin,DAL,WR,84.5,TurpKa00
198,Jalen Coker,CAR,WR,90.4,CokeJa01
199,Andrei Iosivas,CIN,WR,89.9,IosiAn00
200,Marvin Mims,DEN,WR,93.0,MimsMa00
201,Calvin Austin III,PIT,WR,86.2,AustCa00
202,Kendrick Bourne,SFO,WR,92.1,BourKe00
203,Mike Evans,TAM,WR,84.8,EvanMi00
204,Adonai Mitchell,2TM,WR,87.9,MitcAd00
205,Brian Robinson Jr.,SFO,RB,62.5,RobiBr01
206,Dylan Sampson,CLE,RB,87.6,SampDy00
207,Ray Davis+,BUF,RB,64.1,DaviRa04
208,Xavier Legette,CAR,WR,89.3,LegeXa00
209,Evan Engram,DEN,TE,102.8,EngrEv00
210,David Njoku,CLE,TE,86.3,NjokDa00
211,Ricky Pearsall,SFO,WR,88.6,PearRi00
212,Tory Horton,SEA,WR,65.1,HortTo00
213,Tank Bigsby,2TM,RB,53.8,BigsTa00
214,Malik Willis,GNB,QB,51.2,WillMa12
215,Isaiah Davis,NYJ,RB,71.2,DaviIs00
216,Chris Godwin,TAM,WR,83.0,GodwCh00
217,Darnell Mooney,ATL,WR,82.3,MoonDa00
218,Russell Wilson,NYG,QB,49.8,WilsRu00
219,Jake Browning,CIN,QB,48.7,BrowJa08
220,Cole Kmet,CHI,TE,78.7,KmetCo00
221,Gunnar Helm,TEN,TE,91.7,HelmGu00
222,Jeremy McNichols,WAS,RB,72.7,McNiJe00
223,Ollie Gordon,MIA,RB,54.1,GordOl00
224,Jonnu Smith,PIT,TE,85.2,SmitJo01
225,Greg Dortch,ARI,WR,75.1,DortGr01
226,Tyler Higbee,LAR,TE,71.1,HigbTy00
227,Keaton Mitchell,BAL,RB,55.4,MitcKe01
228,Dontayvion Wicks,GNB,WR,75.8,WickDo00
229,Olamide Zaccheaus,CHI,WR,84.8,ZaccOl01
230,Emari Demercado,ARI,RB,58.3,DemeEm00
231,DeAndre Hopkins,BAL,WR,67.0,HopkDe00
232,Mason Taylor,NYJ,TE,88.9,TaylMa02
233,Pat Bryant,DEN,WR,74.8,BryaPa00
234,Justice Hill,BAL,RB,65.2,HillJu00
235,Mike Gesicki,CIN,TE,70.7,GesiMi00
236,Devin Neal,NOR,RB,60.0,NealDe00
237,Kalif Raymond,DET,WR,66.8,RaymKa00
238,Sterling Shepard,TAM,WR,82.0,ShepSt00
239,Jaylen Wright,MIA,RB,48.2,WrigJa04
240,Jaylin Noel,HOU,WR,68.4,NoelJa00
241,Darnell Washington,PIT,TE,73.4,WashDa03
242,Jameis Winston,NYG,QB,43.3,WinsJa00
243,Daniel Bellinger,NYG,TE,59.6,BellDa00
244,Noah Fant,CIN,TE,74.8,FantNo00
245,Terrance Ferguson,LAR,TE,52.1,FergTe00
246,Matthew Golden,GNB,WR,70.0,GoldMa02
247,Van Jefferson,TEN,WR,70.0,JeffVa00
248,Tyler Lockett,2TM,WR,73.1,LockTy00
249,JuJu Smith-Schuster,KAN,WR,73.5,SmitJu00
250,Devaughn Vele,NOR,WR,66.3,VeleDe00
251,Tyler Huntley,BAL,QB,40.1,HuntTy01
252,Luke McCaffrey,WAS,WR,51.3,McCaLu00
253,Josh Oliver,MIN,TE,55.0,OlivJo00
254,Davis Allen,LAR,TE,62.8,AlleDa02
255,Malik Davis,DAL,RB,40.6,DaviMa02
256,Tre Harris,LAC,WR,69.4,HarrTr03
257,Michael Mayer,LVR,TE,73.8,MayeMi00
258,John Metchie,2TM,WR,71.9,MetcJo00
259,Malik Nabers,NYG,WR,57.1,NabeMa00
260,Cedric Tillman,CLE,WR,60.0,TillCe01
261,Kyle Williams,NWE,WR,49.2,WillKy03
262,Austin Hooper,NWE,TE,59.3,HoopAu00
263,Brashard Smith,KAN,RB,63.3,SmitBr09
264,Isaiah Bond,CLE,WR,54.7,BondIs00
265,Greg Dulcich,MIA,TE,62.8,DulcGr00
266,Jackson Hawes,BUF,TE,52.7,HaweJa00
267,Tim Patrick,JAX,WR,51.7,PatrTi00
268,Tommy Tremble,CAR,TE,63.9,TremTo00
269,Rashod Bateman,BAL,WR,55.4,BateRa00
270,Audric Estime,NOR,RB,48.1,EstiAu00
271,Travis Hunter,JAX,WR,63.8,HuntTr00
272,Demarcus Robinson,SFO,WR,58.2,RobiDe01
273,Isaiah Likely,BAL,TE,61.7,LikeIs00
274,Tyreek Hill,MIA,WR,53.5,HillTy00
275,Kyle Juszczyk*+,SFO,FB,57.0,JuszKy00
276,Jaylin Lane,WAS,WR,49.2,LaneJa00
277,Isaiah Williams,NYJ,WR,58.7,WillIs03
278,Jahan Dotson,PHI,WR,50.2,DotsJa00
279,Quinn Ewers,MIA,QB,33.2,EwerQu00
280,Philip Rivers,IND,QB,31.7,RivePh00
281,Devontez Walker,BAL,WR,37.6,WalkDe01
282,Taysom Hill,NOR,TE,41.8,HillTa00
283,Tyrell Shavers,BUF,WR,45.5,ShavTy00
284,David Sills V,ATL,WR,49.1,SillDa01
285,Mitchell Trubisky,BUF,QB,31.1,TrubMi00
286,Dyami Brown,JAX,WR,49.7,BrowDy00
287,Christian Kirk,HOU,WR,57.9,KirkCh01
288,Josh Palmer,BUF,WR,52.3,PalmJo00
289,Jayden Reed,GNB,WR,48.5,ReedJa03
290,Calvin Ridley,TEN,WR,47.3,RidlCa00
291,Xavier Smith,LAR,WR,48.3,SmitXa00
292,Mitchell Evans,CAR,TE,48.2,EvanMi01
293,Tanner Hudson,CIN,TE,47.8,HudsTa00
294,Riley Leonard,IND,QB,29.0,LeonRi02
295,Brandin Cooks,2TM,WR,51.9,CookBr00
296,Brady Cook,NYJ,QB,28.5,CookBr03
297,Elijah Higgins,ARI,TE,58.1,HiggEl00
298,Kendre Miller,NOR,RB,33.3,MillKe01
299,Chris Moore,WAS,WR,38.6,MoorCh00
300,Jalen Tolbert,DAL,WR,46.3,TolbJa00
301,Jaleel McLaughlin,DEN,RB,31.4,McLaJa00
302,Roman Wilson,PIT,WR,38.6,WilsRo02
303,Tyler Johnson,NYJ,WR,37.7,JohnTy00
304,Charlie Kolar,BAL,TE,36.2,KolaCh00
305,Adam Trautman,DEN,TE,45.5,TrauAd00
306,Tutu Atwell,LAR,WR,31.2,AtweTu00
307,James Conner,ARI,RB,33.3,ConnJa00
308,Luke Musgrave,GNB,TE,49.2,MusgLu00
309,Ja'Tavion Sanders,CAR,TE,54.0,SandJa01
310,Zavier Scott,MIN,RB,39.2,ScotZa00
311,Connor Heyward,PIT,TE,27.4,HeywCo00
312,Josh Johnson,WAS,QB,24.4,JohnJo05
313,Hunter Luepke,DAL,RB,37.0,LuepHu00
314,Gunner Olszewski,NYG,WR,33.8,OlszGu00
315,Jeremy Ruckert,NYJ,TE,46.9,RuckJe00
316,Mitchell Tinsley,CIN,WR,31.6,TinsMi00
317,Jawhar Jordan,HOU,RB,29.7,JordJa00
318,Jaret Patterson,LAC,RB,25.7,PattJa01
319,Brock Wright,DET,TE,36.8,WrigBr01
320,Elijah Arroyo,SEA,TE,36.9,ArroEl00
321,Jack Bech,LVR,WR,42.4,BechJa00
322,Trey Benson,ARI,RB,35.4,BensTr01
323,Lil'Jordan Humphrey,2TM,WR,34.6,HumpLi01
324,Malachi Corley,CLE,WR,31.6,CorlMa00
325,Antonio Gibson,NWE,RB,23.2,GibsAn00
326,Hunter Long,JAX,TE,32.5,LongHu00
327,Hunter Renfrow,CAR,WR,35.9,RenfHu00
328,Adam Thielen,2TM,WR,39.6,ThieAd00
329,Jahdae Walker,CHI,WR,26.7,WalkJa03
330,Ameer Abdullah,IND,RB,35.9,AbduAm00
331,Kevin Austin,NOR,WR,33.0,AustKe00
332,Chris Brooks,GNB,RB,32.7,BrooCh00
333,Bo Melton,GNB,WR,24.2,MeltBo00
334,Elijah Moore,BUF,WR,28.6,MoorEl00
335,Theo Wease,MIA,WR,25.9,WeasTh00
336,Jaydon Blue,DAL,RB,20.4,BlueJa01
337,Treylon Burks,WAS,WR,29.0,BurkTr00
338,Gabriel Davis,BUF,WR,30.9,DaviGa01
339,Luke Farrell,SFO,TE,29.5,FarrLu00
340,Miles Sanders,DAL,RB,26.7,SandMi01
341,Mo Alie-Cox,IND,TE,30.7,AlieMo00
342,Jerome Ford,CLE,RB,43.6,FordJe00
343,Noah Gray,KAN,TE,38.8,GrayNo00
344,Isaiah Hodgins,NYG,WR,27.5,HodgIs00
345,Jimmy Horn,CAR,WR,28.7,HornJi00
346,Zay Jones,ARI,WR,30.3,JoneZa00
347,Jalen McMillan,TAM,WR,29.9,McMiJa01
348,Marquez Valdes-Scantling,2TM,WR,32.0,ValdMa00
349,Jordan Whittington,LAR,WR,36.3,WhitJo04
350,Andrew Beck,NYJ,FB,23.0,BeckAn01
351,Raheem Mostert,LVR,RB,29.4,MostRa00
352,Drew Sample,CIN,TE,31.9,SampDr00
353,Raheim Sanders,CLE,RB,20.3,SandRa00
354,Ben Sinnott,WAS,TE,28.4,SinnBe00
355,Tyler Badie,DEN,RB,35.4,BadiTy00
356,John Bates,WAS,TE,27.3,BateJo00
357,Julian Hill,MIA,TE,31.0,HillJu02
358,Brycen Tremayne,CAR,WR,30.0,TremBr00
359,Savion Williams,GNB,WR,25.5,WillSa01
360,Rasheen Ali,BAL,RB,24.2,AlixRa00
361,LeQuint Allen,JAX,RB,24.8,AlleLe01
362,Ashton Dulin,IND,WR,20.0,DuliAs00
363,Konata Mumpfield,LAR,WR,25.2,MumpKo00
364,Mason Rudolph,PIT,QB,15.0,RudoMa00
365,Brevyn Spann-Ford,DAL,TE,24.0,SpanBr00
366,Cody White,SEA,WR,18.0,WhitCo05
367,Grant Calcaterra,PHI,TE,22.6,CalcGr00
368,Efton Chism,NWE,WR,16.5,ChisEf00
369,C.J. Ham,MIN,FB,15.6,HamxC.00
370,Terrell Jennings,NWE,RB,15.2,JennTe00
371,Kameron Johnson,TAM,WR,17.7,JohnKa01
372,Trey Lance,LAC,QB,13.5,LancTr00
373,Tanner McKee,PHI,QB,13.8,McKeTa01
374,Dare Ogunbowale,HOU,RB,24.1,OgunDa00
375,Curtis Samuel,BUF,WR,21.1,SamuCu00
376,Dont'e Thornton,LVR,WR,23.5,ThorDo00
377,Braelon Allen,NYJ,RB,15.3,AlleBr05
378,John FitzPatrick,GNB,TE,25.2,FitzJo00
379,George Holani,SEA,RB,14.8,HolaGe00
380,Allen Lazard,NYJ,WR,23.0,LazaAl00
381,Luke Schoonmaker,DAL,TE,27.2,SchoLu00
382,Ben Skowronek*,PIT,WR,16.9,SkowBe00
383,Shedrick Jackson,LVR,WR,15.9,JackSh01
384,Quintin Morris,JAX,TE,17.5,MorrQu00
385,Josh Reynolds,NYJ,WR,23.1,ReynJo00
386,Nate Adkins,DEN,TE,16.8,AdkiNa00
387,KeAndre Lambert-Smith,LAC,WR,16.1,LambKe01
388,Johnny Mundt,JAX,TE,20.1,MundJo00
389,Kene Nwangwu,NYJ,RB,10.9,NwanKe00
390,Chris Oladokun,KAN,QB,11.2,OladCh00
391,Dante Pettis,NOR,WR,19.7,PettDa00
392,Jack Stoll,NOR,TE,16.6,StolJa00
393,Ian Thomas,LVR,TE,24.4,ThomIa00
394,Jamari Thrash,CLE,WR,20.7,ThraJa01
395,Tylan Wallace,BAL,WR,14.5,WallTy00
396,Brittain Brown,CHI,RB,9.7,BrowBr06
397,Tyler Conklin,LAC,TE,17.3,ConkTy00
398,Andy Dalton,CAR,QB,9.5,DaltAn00
399,Will Dissly,LAC,TE,20.7,DissWi00
400,DJ Giddens,IND,RB,9.6,GiddDJ00
401,Joe Milton,DAL,QB,10.3,MiltJo00
402,Skyy Moore,SFO,WR,14.8,MoorSk01
403,Adam Prentice,DEN,FB,15.7,PrenAd00
404,Josh Whyle,GNB,TE,14.6,WhylJo01
405,Michael Bandy,DEN,WR,13.0,BandMi00
406,Tanner Conner,MIA,TE,18.1,ConnTa00
407,Darius Cooper,PHI,WR,18.2,CoopDa01
408,Trevor Etienne,CAR,RB,11.7,EtieTr01
409,Najee Harris,LAC,RB,11.6,HarrNa00
410,Malik Heath,GNB,WR,14.6,HeatMa00
411,Phil Mafah,DAL,RB,10.9,MafaPh00
412,David Martin-Robinson,TEN,TE,13.0,MartDa01
413,Ryan Miller,TAM,WR,11.4,MillRy01
414,Andrew Ogletree,IND,TE,12.7,OgleAn00
415,Will Shipley,PHI,RB,17.5,ShipWi00
416,Mason Tipton,NOR,WR,20.4,TiptMa00
417,Casey Washington,ATL,WR,15.4,WashCa01
418,Nick Westbrook-Ikhine,MIA,WR,19.9,WestNi00
419,Trayveon Williams,2TM,RB,17.1,WillTr06
420,Ronnie Bell,NOR,WR,10.3,BellRo01
421,British Brooks,HOU,RB,7.8,BrooBr01
422,Noah Brown,WAS,WR,13.3,BrowNo00
423,Josiah Deguara,ARI,TE,11.1,DeguJo00
424,Austin Ekeler,WAS,RB,13.1,EkelAu00
425,Kaleb Johnson,PIT,RB,8.8,JohnKa03
426,Kenny Pickett,LVR,QB,7.7,PickKe00
427,Cade Stover,HOU,TE,19.9,StovCa00
428,Cam Akers,2TM,RB,7.2,AkerCa00
429,Devin Culp,TAM,TE,7.6,CulpDe00
430,Corey Kiner,ARI,RB,9.3,KineCo00
431,Ray-Ray McCloud,2TM,WR,13.9,McClRa00
432,James Proche,TEN,WR,12.5,ProcJa00
433,Arian Smith,NYJ,WR,13.5,SmitAr01
434,Xavier Weaver,ARI,WR,13.7,WeavXa00
435,Ty Chandler,MIN,RB,8.8,ChanTy01
436,AJ Dillon,PHI,RB,9.1,DillAJ00
437,Hassan Haskins,LAC,RB,10.0,HaskHa00
438,Khalil Herbert,NYJ,RB,6.6,HerbKh00
439,Alec Ingold,MIA,FB,14.1,IngoAl01
440,Charlie Jones,CIN,WR,6.0,JoneCh11
441,Scott Miller,PIT,WR,15.2,MillSc01
442,Foster Moreau,NOR,TE,12.9,MoreFo00
443,Zamir White,LVR,RB,9.6,WhitZa01
444,Robbie Chosen,WAS,WR,10.3,AndeRo04
445,Brenden Bates,2TM,TE,8.8,BateBr00
446,Tahj Brooks,CIN,RB,6.4,BrooTa00
447,Anthony Firkser,DET,TE,13.3,FirkAn00
448,Evan Hull,NOR,RB,6.4,HullEv00
449,Mason Kinsey,TEN,WR,6.8,KinsMa00
450,Gage Larvadain,CLE,WR,12.4,LarvGa00
451,Aidan O'Connell,LVR,QB,4.8,OConAi00
452,Ronnie Rivers,LAR,RB,4.6,RiveRo01
453,Eric Saubert,SEA,TE,9.1,SaubEr00
454,Stone Smartt,NYJ,TE,12.2,SmarSt00
455,Austin Trammell,JAX,WR,7.6,TramAu00
456,Charlie Woerner,ATL,TE,12.8,WoerCh00
457,Dareke Young,SEA,WR,6.8,YounDa02
458,Braxton Berrios,HOU,WR,9.7,BerrBr00
459,Max Brosmer,MIN,QB,4.2,BrosMa00
460,Shane Buechele,KAN,QB,3.9,BuecSh00
461,Nathan Carter,ATL,RB,4.0,CartNa00
462,Julius Chestnut,TEN,RB,4.0,ChesJu00
463,Dylan Drummond,ATL,WR,11.2,DrumDy00
464,D'Wayne Eskridge,MIA,WR,8.2,EskrDW00
465,Kylen Granson,PHI,TE,11.0,GranKy00
466,Jalin Hyatt,NYG,WR,8.5,HyatJa00
467,Tom Kennedy,DET,WR,7.6,KennTo01
468,Keleki Latu,BUF,TE,7.5,LatuKe00
469,Albert Okwuegbunam,LVR,TE,8.6,OkwuAl00
470,Dameon Pierce,2TM,RB,3.6,PierDa01
471,Xavier Restrepo,TEN,WR,7.1,RestXa00
472,Cedrick Wilson Jr.,MIA,WR,9.4,WilsCe01
473,Tyson Bagent,CHI,QB,2.6,BageTy00
474,Teddy Bridgewater,TAM,QB,2.9,BridTe00
475,Jalen Brooks,2TM,WR,6.1,BrooJa03
476,Beaux Collins,NYG,WR,4.5,CollBe00
477,Devin Duvernay,CHI,WR,4.6,DuveDe00
478,Tai Felton,MIN,WR,5.5,FeltTa00
479,Reggie Gilliam,BUF,FB,4.8,GillRe00
480,Tyler Goodson,IND,RB,5.2,GoodTy00
481,KhaDarel Hodge,ATL,WR,6.1,HodgKh00
482,D'Ernest Johnson,2TM,RB,2.5,JohnDE04
483,Jacoby Jones,WAS,WR,3.5,JoneJa16
484,Velus Jones Jr.,2TM,WR,3.2,JoneVe00
485,Jonathan Mingo,DAL,WR,3.5,MingJo00
486,James Mitchell,CAR,TE,5.8,MitcJa00
487,Nikko Remigio,KAN,WR,4.2,RemiNi00
488,Ben Sims,2TM,TE,6.0,SimsBe00
489,Durham Smythe,CHI,TE,6.5,SmytDu00
490,Deven Thompkins,ATL,WR,6.2,ThomDe07
491,Jordan Watkins,SFO,WR,4.6,WatkJo00
492,Justin Watson,HOU,WR,6.0,WatsJu01
493,Jake Bobo,SEA,WR,4.0,BoboJa00
494,Britain Covey,PHI,WR,4.0,CoveBr00
495,DeeJay Dallas,2TM,RB,2.1,DallDe00
496,Joshua Dobbs,NWE,QB,2.1,DobbJo00
497,Clyde Edwards-Helaire,KAN,RB,4.2,EdwaCl00
498,Tucker Fisk,LAC,TE,3.9,FiskTu00
499,Roschon Johnson,CHI,RB,1.7,JohnRo07
500,Tim Jones,2TM,WR,2.5,JoneTi00
501,Jakobie Keeney-James,GNB,WR,3.5,KeenJa00
502,Lucas Krull,DEN,TE,3.5,KrulLu00
503,Will Mallory,IND,TE,2.6,MallWi00
504,Tay Martin,WAS,WR,4.3,MartTa00
505,Zaire Mitchell-Paden,2TM,TE,3.7,MitcZa00
506,David Moore,CAR,WR,2.7,MoorDa03
507,Tip Reiman,ARI,TE,4.8,ReimTi00
508,Cooper Rush,BAL,QB,1.7,RushCo00
509,Trent Sherfield,2TM,WR,5.1,SherTr00
510,Clayton Tune,GNB,QB,2.0,TuneCl00
511,Tahj Washington,MIA,WR,4.7,WashTa00
512,Jared Wayne,HOU,WR,4.0,WaynJa01
513,Jelani Woods,NYJ,TE,3.4,WoodJe01
514,Jacardia Wright,SEA,RB,2.0,WrigJa05
515,Colson Yankoff,WAS,TE,3.8,YankCo00
516,Shane Zylstra,DET,TE,5.0,ZylsSh00
517,Brandon Allen,TEN,QB,0.9,AlleBr00
518,Andre Baccellia,ARI,WR,2.8,BaccAn00
519,Alex Bachman,LVR,WR,3.2,BachAl00
520,Harrison Bryant,HOU,TE,2.7,BryaHa00
521,Sal Cannella,CLE,TE,3.1,CannSa00
522,Payne Durham,TAM,TE,2.1,DurhPa00
523,Ross Dwelley,DET,TE,2.7,DwelRo00
524,Myles Gaskin,SEA,RB,0.6,GaskMy00
525,Anthony Gould,IND,WR,2.6,GoulAn00
526,Cam Grandy,CIN,TE,2.7,GranCa00
527,Amar Johnson,LAC,RB,0.8,JohnAm00
528,Dylan Laube,LVR,RB,3.7,LaubDy00
529,Chris Manhertz,NYG,TE,1.7,ManhCh00
530,Moliki Matavao,NOR,TE,3.0,MataMo00
531,Kalel Mullings,TEN,RB,0.7,MullKa00
532,Bryce Oliver,TEN,WR,1.8,OlivBr02
533,Patrick Ricard*,BAL,FB,2.1,RicaPa00
534,Anthony Richardson,IND,QB,2.2,RichAn03
535,Jacob Saylors,DET,RB,1.1,SaylJa00
536,Quentin Skinner,NYJ,WR,2.0,SkinQu00
537,Josh Williams,TAM,RB,1.1,WillJo011
538,Zach Wilson,MIA,QB,1.4,WilsZa00
539,Owen Wright,TAM,RB,0.6,WrigOw00
540,Ben Yurosek,MIN,TE,3.4,YuroBe00
541,Maurice Alexander,CHI,WR,,AlexMa02
542,Kyle Allen,DET,QB,-0.3,AlleKy00
543,Ulysses Bentley,IND,RB,,BentUl00
544,Chris Blair,ATL,WR,,BlaiCh00
545,Gary Brightwell,CIN,RB,,BrigGa00
546,Ja'Corey Brooks,WAS,WR,,BrooJa04
547,Jason Brownlee,KAN,WR,,BrowJa07
548,Pharaoh Brown,ARI,TE,2.1,BrowPh01
549,Lawrence Cager,WAS,TE,,CageLa01
550,Dalen Cambre,NYG,WR,,CambDa00
551,Dalevon Campbell,CAR,WR,,CampDa01
552,Parris Campbell,DAL,WR,,CampPa00
553,Stephen Carlson,CHI,TE,,CarlSt00
554,DeAndre Carter,CLE,WR,,CartDe02
555,Dan Chisena,CAR,WR,,ChisDa00
556,River Cracraft,WAS,WR,,CracRi00
557,Malik Cunningham,DET,WR,0.1,CunnMa00
558,Drake Dabney,GNB,TE,1.3,DabnDr00
559,Kaden Davis,CLE,WR,,DaviKa02
560,Zach Davidson,NYG,TE,,DaviZa00
561,CJ Dippre,NWE,TE,,DippCJ00
562,Chase Edmonds,WAS,RB,,EdmoCh00
563,Princeton Fant,DAL,TE,,FantPr00
564,Simi Fehoko,ARI,WR,,FehoSi00
565,Thomas Fidone,NYG,TE,,FidoTh00
566,Feleipe Franks,ATL,TE,0.4,FranFe00
567,Russell Gage,SFO,WR,,GageRu00
568,Eric Gray,NYG,RB,,GrayEr01
569,Isaac Guerendo,SFO,RB,,GuerIs00
570,Nyheim Hines,2TM,RB,-0.2,HineNy00
571,Jimmy Holiday,KAN,WR,,HoliJi00
572,Travis Homer,CHI,RB,-0.2,HomeTr00
573,Zach Horton,DET,TE,,HortZa00
574,Jarquez Hunter,LAR,RB,,HuntJa03
575,Jordan James,SFO,RB,,JameJo01
576,Jermar Jefferson,ARI,RB,,JeffJe00
577,E.J. Jenkins,PHI,TE,,JenkEJ00
578,Jakob Johnson,HOU,FB,,JohnJa12
579,Jeshaun Jones,MIN,WR,,JoneJe01
580,Nikola Kalinic,CHI,TE,,KaliNi00
581,Nick Kallerup,SEA,TE,,KallNi00
582,Ko Kieft,TAM,TE,,KiefKo00
583,Cameron Latu,PHI,TE,,LatuCa01
584,Marcedes Lewis,DEN,TE,,LewiMa00
585,Drew Lock,SEA,QB,0.1,LockDr00
586,Dominic Lovett,DET,WR,,LoveDo00
587,Adrian Martinez,SFO,QB,-0.1,MartAd00
588,Sean McKeon,IND,TE,,McKeSe01
589,Jackson Meeks,DET,WR,,MeekJa00
590,Kendall Milton,CIN,RB,0.2,MiltKe01
591,Jordan Mims,TEN,RB,,MimsJo00
592,Gardner Minshew II,KAN,QB,-0.3,MinsGa00
593,Elijah Mitchell,KAN,RB,,MitcEl00
594,Jalen Moreno-Cropper,DAL,WR,,MoreJa01
595,Nick Mullens,JAX,QB,,MullNi00
596,Lew Nichols,PIT,RB,,NichLe00
597,Robbie Ouzts,SEA,FB,,OuztRo00
598,Coleman Owen,IND,WR,,OwenCo00
599,Tejhaun Palmer,ARI,WR,,PalmTe00
600,Brennan Presley,LAR,WR,,PresBr00
601,Teagan Quitoriano,ATL,TE,,QuitTe00
602,Craig Reynolds,DET,RB,0.4,ReynCr00
603,Giovanni Ricci,DET,TE,,RiccGi00
604,JP Richardson,CHI,WR,,RichJP00
605,Jalen Royals,KAN,WR,2.4,RoyaJa00
606,Hayden Rucci,MIA,TE,,RuccHa00
607,Carter Runyon,LVR,TE,1.3,RunyCa00
608,Brady Russell,SEA,TE,,RussBr00
609,Brett Rypien,CIN,QB,,RypiBr00
610,Cody Schrader,LAR,RB,,SchrCo00
611,Trey Sermon,PIT,RB,,SermTr00
612,Justin Shorter,LVR,TE,,ShorJu00
613,Steven Sims,ARI,WR,,SimsSt00
614,Kedon Slovis,ARI,QB,-0.1,SlovKe00
615,Brandon Smith,NYJ,WR,,SmitBr07
616,Jarrett Stidham,DEN,QB,-0.1,StidJa00
617,Robert Tonyan,KAN,TE,1.1,TonyRo00
618,Samori Toure,NOR,WR,1.3,TourSa00
619,Laquon Treadwell,IND,WR,,TreaLa00
620,Cole Turner,TEN,TE,,TurnCo00
621,DJ Turner,LVR,WR,,TurnDJ00
622,Malik Turner,SFO,WR,,TurnMa00
623,Sione Vaki,DET,RB,0.4,VakiSi00
624,Nick Vannett,2TM,TE,,VannNi00
625,Travis Vokolek,ARI,TE,,VokoTr00
626,Carlos Washington,ATL,RB,,WashCa00
627,Treyton Welch,NOR,TE,,WelcTr00
628,Jack Westover,NWE,FB,1.0,WestJa01
629,Blake Whiteheart,CLE,TE,2.4,WhitBl01
630,Ricky White,SEA,WR,,WhitRi01
631,Jared Wiley,KAN,TE,1.4,WileJa00
632,Avery Williams,NYJ,WR,,WillAv02
633,Brayden Willis,SFO,TE,,WillBr06
634,Jeff Wilson,MIA,RB,,WilsJe01
635,Derius Davis,LAC,WR,1.5,DaviDe02
636,Jimmy Garoppolo,LAR,QB,-1.0,GaroJi00
637,Ke'Shawn Williams,2TM,WR,0.5,WillKe08
638,Jamal Agnew,ATL,WR,-2.0,AgneJa00
639,Mecole Hardman,BUF,WR,-2.0,HardMe00
640,Jalen Milroe,SEA,QB,-1.6,MilrJa00
641,LaJohntay Wester,BAL,WR,-2.0,WestLa01
642,Xavier Gipson,3TM,WR,-1.4,GipsXa00
643,Myles Price,MIN,WR,-6.0,PricMy00